id,type,author,instrumentType,region,universe,delay,decay,neutralization,truncation,pasteurization,unitHandling,nanHandling,language,visualization,code,description,operatorCount,dateCreated,dateSubmitted,dateModified,name,favorite,hidden,color,category,tags,classifications,grade,stage,status,pnl,bookSize,longCount,shortCount,turnover,returns,drawdown,margin,fitness,sharpe,startDate,checks,os,train,test,prod,competitions,themes,team,pyramids,self_corr,max_corr,Unnamed: 53,Unnamed: 54,Unnamed: 55,Unnamed: 56,Unnamed: 57,Unnamed: 58,Unnamed: 59,Unnamed: 60,Unnamed: 61,Unnamed: 62,Unnamed: 63,Unnamed: 64,Unnamed: 65,Unnamed: 66,Unnamed: 67,Unnamed: 68,Unnamed: 69,Unnamed: 70,prod_corr
VeGe8NY,REGULAR,JZ45236,EQUITY,GLB,MINVOL1M,1,6,SUBINDUSTRY,0.08,ON,VERIFY,ON,FASTEXPR,False,"group_zscore(rank(winsorize(ts_backfill(mdl110_score, 120), std=4)),densify(oth455_relation_n2v_p10_q200_w5_kmeans_cluster_5))",,5,2025-07-19T14:30:18-04:00,,2025-07-19T18:30:22-04:00,model110_glb_2step,False,False,,,['model110_glb_2step'],[],,IS,UNSUBMITTED,7953683,20000000,3511,3492,0.0803,0.0768,0.0461,0.001913,2.16,2.75,2013-01-20,"[{'name': 'LOW_SHARPE', 'result': 'PASS', 'limit': 1.58, 'value': 2.75}, {'name': 'LOW_FITNESS', 'result': 'PASS', 'limit': 1.0, 'value': 2.16}, {'name': 'LOW_TURNOVER', 'result': 'PASS', 'limit': 0.01, 'value': 0.0803}, {'name': 'HIGH_TURNOVER', 'result': 'PASS', 'limit': 0.7, 'value': 0.0803}, {'name': 'CONCENTRATED_WEIGHT', 'result': 'PASS'}, {'name': 'LOW_SUB_UNIVERSE_SHARPE', 'result': 'PASS', 'limit': 0.96, 'value': 1.81}, {'name': 'SELF_CORRELATION', 'result': 'PENDING'}, {'name': 'DATA_DIVERSITY', 'result': 'PENDING'}, {'name': 'PROD_CORRELATION', 'result': 'PENDING'}, {'name': 'REGULAR_SUBMISSION', 'result': 'PENDING'}, {'name': 'IS_LADDER_SHARPE', 'result': 'PASS', 'year': 2, 'startDate': '2023-01-20', 'endDate': '2021-01-21', 'limit': 2.02, 'value': 2.45}, {'result': 'PASS', 'name': 'MATCHES_PYRAMID', 'effective': 2, 'multiplier': 1.4, 'pyramids': [{'name': 'GLB/D1/MODEL', 'multiplier': 1.4}, {'name': 'GLB/D1/OTHER', 'multiplier': 1.6}]}, {'result': 'WARNING', 'name': 'MATCHES_THEMES', 'themes': [{'id': 'M4ZY3YD', 'multiplier': 2.0, 'name': 'GLB high turnover Theme'}]}, {'name': 'POWER_POOL_CORRELATION', 'result': 'PENDING'}]",,,,,,,,"['GLB/D1/MODEL', 'GLB/D1/OTHER']",0,0,,,,,,,,,,,,,,,,,,,0
3Jl7oqe,REGULAR,JZ45236,EQUITY,GLB,MINVOL1M,1,6,SUBINDUSTRY,0.08,ON,VERIFY,ON,FASTEXPR,False,"group_zscore(ts_mean(winsorize(ts_backfill(mdl110_score, 120), std=4), 22),densify(industry))",,5,2025-07-19T17:33:36-04:00,,2025-07-19T21:33:41-04:00,model110_glb_2step,False,False,,,['model110_glb_2step'],"[{'id': 'DATA_USAGE:SINGLE_DATA_SET', 'name': 'Single Data Set Alpha'}]",,IS,UNSUBMITTED,8532578,20000000,3820,3478,0.0402,0.0824,0.0615,0.004103,2.12,2.61,2013-01-20,"[{'name': 'LOW_SHARPE', 'result': 'PASS', 'limit': 1.58, 'value': 2.61}, {'name': 'LOW_FITNESS', 'result': 'PASS', 'limit': 1.0, 'value': 2.12}, {'name': 'LOW_TURNOVER', 'result': 'PASS', 'limit': 0.01, 'value': 0.0402}, {'name': 'HIGH_TURNOVER', 'result': 'PASS', 'limit': 0.7, 'value': 0.0402}, {'name': 'CONCENTRATED_WEIGHT', 'result': 'PASS'}, {'name': 'LOW_SUB_UNIVERSE_SHARPE', 'result': 'PASS', 'limit': 0.91, 'value': 1.9}, {'name': 'SELF_CORRELATION', 'result': 'PENDING'}, {'name': 'DATA_DIVERSITY', 'result': 'PENDING'}, {'name': 'PROD_CORRELATION', 'result': 'PENDING'}, {'name': 'REGULAR_SUBMISSION', 'result': 'PENDING'}, {'name': 'LOW_2Y_SHARPE', 'result': 'PASS', 'value': 2.73, 'limit': 1.58}, {'result': 'PASS', 'name': 'MATCHES_PYRAMID', 'effective': 1, 'multiplier': 1.4, 'pyramids': [{'name': 'GLB/D1/MODEL', 'multiplier': 1.4}]}, {'result': 'WARNING', 'name': 'MATCHES_THEMES', 'themes': [{'id': 'M4ZY3YD', 'multiplier': 2.0, 'name': 'GLB high turnover Theme'}]}, {'name': 'POWER_POOL_CORRELATION', 'result': 'PENDING'}]",,,,,,,,['GLB/D1/MODEL'],0,0,,,,,,,,,,,,,,,,,,,0
WJ76x1O,REGULAR,JZ45236,EQUITY,GLB,MINVOL1M,1,6,SUBINDUSTRY,0.08,ON,VERIFY,ON,FASTEXPR,False,"group_rank(ts_sum(winsorize(ts_backfill(mdl110_score, 120), std=4), 5),densify(bucket(rank(cap), range='0.1, 1, 0.1')))",,7,2025-07-19T16:03:11-04:00,,2025-07-19T20:03:16-04:00,model110_glb_2step,False,False,,,['model110_glb_2step'],[],,IS,UNSUBMITTED,6686766,20000000,4382,4323,0.0624,0.0646,0.0427,0.002071,1.88,2.61,2013-01-20,"[{'name': 'LOW_SHARPE', 'result': 'PASS', 'limit': 1.58, 'value': 2.61}, {'name': 'LOW_FITNESS', 'result': 'PASS', 'limit': 1.0, 'value': 1.88}, {'name': 'LOW_TURNOVER', 'result': 'PASS', 'limit': 0.01, 'value': 0.0624}, {'name': 'HIGH_TURNOVER', 'result': 'PASS', 'limit': 0.7, 'value': 0.0624}, {'name': 'CONCENTRATED_WEIGHT', 'result': 'PASS'}, {'name': 'LOW_SUB_UNIVERSE_SHARPE', 'result': 'PASS', 'limit': 0.91, 'value': 1.76}, {'name': 'SELF_CORRELATION', 'result': 'PENDING'}, {'name': 'DATA_DIVERSITY', 'result': 'PENDING'}, {'name': 'PROD_CORRELATION', 'result': 'PENDING'}, {'name': 'REGULAR_SUBMISSION', 'result': 'PENDING'}, {'name': 'IS_LADDER_SHARPE', 'result': 'PASS', 'year': 2, 'startDate': '2023-01-20', 'endDate': '2021-01-21', 'limit': 2.02, 'value': 2.24}, {'result': 'PASS', 'name': 'MATCHES_PYRAMID', 'effective': 2, 'multiplier': 1.0, 'pyramids': [{'name': 'GLB/D1/PV', 'multiplier': 1.0}, {'name': 'GLB/D1/MODEL', 'multiplier': 1.4}]}, {'result': 'WARNING', 'name': 'MATCHES_THEMES', 'themes': [{'id': 'M4ZY3YD', 'multiplier': 2.0, 'name': 'GLB high turnover Theme'}]}, {'name': 'POWER_POOL_CORRELATION', 'result': 'PENDING'}]",,,,,,,,"['GLB/D1/PV', 'GLB/D1/MODEL']",0,0,,,,,,,,,,,,,,,,,,,0
ExlWpzR,REGULAR,JZ45236,EQUITY,GLB,MINVOL1M,1,6,SUBINDUSTRY,0.08,ON,VERIFY,ON,FASTEXPR,False,"group_neutralize(ts_sum(winsorize(ts_backfill(mdl110_score, 120), std=4), 5),densify(bucket(group_rank(cap,sector),range='0,1,0.1')))",,7,2025-07-19T15:55:05-04:00,,2025-07-19T19:55:07-04:00,model110_glb_2step,False,False,,,['model110_glb_2step'],[],,IS,UNSUBMITTED,8122812,20000000,4542,4162,0.0704,0.0785,0.0638,0.00223,2.07,2.61,2013-01-20,"[{'name': 'LOW_SHARPE', 'result': 'PASS', 'limit': 1.58, 'value': 2.61}, {'name': 'LOW_FITNESS', 'result': 'PASS', 'limit': 1.0, 'value': 2.07}, {'name': 'LOW_TURNOVER', 'result': 'PASS', 'limit': 0.01, 'value': 0.0704}, {'name': 'HIGH_TURNOVER', 'result': 'PASS', 'limit': 0.7, 'value': 0.0704}, {'name': 'CONCENTRATED_WEIGHT', 'result': 'PASS'}, {'name': 'LOW_SUB_UNIVERSE_SHARPE', 'result': 'PASS', 'limit': 0.91, 'value': 1.8}, {'name': 'SELF_CORRELATION', 'result': 'PENDING'}, {'name': 'DATA_DIVERSITY', 'result': 'PENDING'}, {'name': 'PROD_CORRELATION', 'result': 'PENDING'}, {'name': 'REGULAR_SUBMISSION', 'result': 'PENDING'}, {'name': 'IS_LADDER_SHARPE', 'result': 'WARNING', 'year': 3, 'startDate': '2023-01-20', 'endDate': '2020-01-21', 'limit': 1.58, 'value': 1.06}, {'result': 'PASS', 'name': 'MATCHES_PYRAMID', 'effective': 2, 'multiplier': 1.0, 'pyramids': [{'name': 'GLB/D1/PV', 'multiplier': 1.0}, {'name': 'GLB/D1/MODEL', 'multiplier': 1.4}]}, {'result': 'WARNING', 'name': 'MATCHES_THEMES', 'themes': [{'id': 'M4ZY3YD', 'multiplier': 2.0, 'name': 'GLB high turnover Theme'}]}, {'name': 'POWER_POOL_CORRELATION', 'result': 'PENDING'}]",,,,,,,,"['GLB/D1/PV', 'GLB/D1/MODEL']",0,0,,,,,,,,,,,,,,,,,,,0
mQj3O09,REGULAR,JZ45236,EQUITY,GLB,MINVOL1M,1,6,SUBINDUSTRY,0.08,ON,VERIFY,ON,FASTEXPR,False,"group_zscore(ts_delta(winsorize(ts_backfill(mdl110_growth, 120), std=4), 240),densify(pv13_2l_scibr))",,5,2025-07-19T15:46:01-04:00,,2025-07-19T19:46:05-04:00,model110_glb_2step,False,False,,,['model110_glb_2step'],[],,IS,UNSUBMITTED,4630968,20000000,3066,3089,0.0543,0.0447,0.0265,0.001648,1.56,2.61,2013-01-20,"[{'name': 'LOW_SHARPE', 'result': 'PASS', 'limit': 1.58, 'value': 2.61}, {'name': 'LOW_FITNESS', 'result': 'PASS', 'limit': 1.0, 'value': 1.56}, {'name': 'LOW_TURNOVER', 'result': 'PASS', 'limit': 0.01, 'value': 0.0543}, {'name': 'HIGH_TURNOVER', 'result': 'PASS', 'limit': 0.7, 'value': 0.0543}, {'name': 'CONCENTRATED_WEIGHT', 'result': 'PASS'}, {'name': 'LOW_SUB_UNIVERSE_SHARPE', 'result': 'PASS', 'limit': 0.91, 'value': 1.54}, {'name': 'SELF_CORRELATION', 'result': 'PENDING'}, {'name': 'DATA_DIVERSITY', 'result': 'PENDING'}, {'name': 'PROD_CORRELATION', 'result': 'PENDING'}, {'name': 'REGULAR_SUBMISSION', 'result': 'PENDING'}, {'name': 'IS_LADDER_SHARPE', 'result': 'PASS', 'year': 2, 'startDate': '2023-01-20', 'endDate': '2021-01-21', 'limit': 2.02, 'value': 2.41}, {'result': 'PASS', 'name': 'MATCHES_PYRAMID', 'effective': 2, 'multiplier': 1.0, 'pyramids': [{'name': 'GLB/D1/PV', 'multiplier': 1.0}, {'name': 'GLB/D1/MODEL', 'multiplier': 1.4}]}, {'result': 'WARNING', 'name': 'MATCHES_THEMES', 'themes': [{'id': 'M4ZY3YD', 'multiplier': 2.0, 'name': 'GLB high turnover Theme'}]}, {'name': 'POWER_POOL_CORRELATION', 'result': 'PENDING'}]",,,,,,,,"['GLB/D1/PV', 'GLB/D1/MODEL']",0,0,,,,,,,,,,,,,,,,,,,0
mQ5Eg79,REGULAR,JZ45236,EQUITY,GLB,MINVOL1M,1,6,SUBINDUSTRY,0.08,ON,VERIFY,ON,FASTEXPR,False,"group_neutralize(ts_delta(winsorize(ts_backfill(mdl110_growth, 120), std=4), 240),densify(bucket(rank(fnd28_value_05480/close), range='0.2, 1, 0.2')))",,8,2025-07-19T15:16:16-04:00,,2025-07-19T19:16:19-04:00,model110_glb_2step,False,False,,,['model110_glb_2step'],[],,IS,UNSUBMITTED,4593437,20000000,3172,3205,0.0536,0.0444,0.0247,0.001655,1.56,2.61,2013-01-20,"[{'name': 'LOW_SHARPE', 'result': 'PASS', 'limit': 1.58, 'value': 2.61}, {'name': 'LOW_FITNESS', 'result': 'PASS', 'limit': 1.0, 'value': 1.56}, {'name': 'LOW_TURNOVER', 'result': 'PASS', 'limit': 0.01, 'value': 0.0536}, {'name': 'HIGH_TURNOVER', 'result': 'PASS', 'limit': 0.7, 'value': 0.0536}, {'name': 'CONCENTRATED_WEIGHT', 'result': 'PASS'}, {'name': 'LOW_SUB_UNIVERSE_SHARPE', 'result': 'PASS', 'limit': 0.91, 'value': 1.67}, {'name': 'SELF_CORRELATION', 'result': 'PENDING'}, {'name': 'DATA_DIVERSITY', 'result': 'PENDING'}, {'name': 'PROD_CORRELATION', 'result': 'PENDING'}, {'name': 'REGULAR_SUBMISSION', 'result': 'PENDING'}, {'name': 'IS_LADDER_SHARPE', 'result': 'PASS', 'year': 2, 'startDate': '2023-01-20', 'endDate': '2021-01-21', 'limit': 2.02, 'value': 2.49}, {'result': 'PASS', 'name': 'MATCHES_PYRAMID', 'effective': 0, 'multiplier': 1.0, 'pyramids': [{'name': 'GLB/D1/PV', 'multiplier': 1.0}, {'name': 'GLB/D1/MODEL', 'multiplier': 1.4}, {'name': 'GLB/D1/FUNDAMENTAL', 'multiplier': 1.6}]}, {'result': 'WARNING', 'name': 'MATCHES_THEMES', 'themes': [{'id': 'M4ZY3YD', 'multiplier': 2.0, 'name': 'GLB high turnover Theme'}]}, {'name': 'POWER_POOL_CORRELATION', 'result': 'PENDING'}]",,,,,,,,"['GLB/D1/PV', 'GLB/D1/MODEL', 'GLB/D1/FUNDAMENTAL']",0,0,,,,,,,,,,,,,,,,,,,0
Og7ZwlR,REGULAR,JZ45236,EQUITY,GLB,MINVOL1M,1,6,SUBINDUSTRY,0.08,ON,VERIFY,ON,FASTEXPR,False,"group_zscore(ts_mean(winsorize(ts_backfill(mdl110_score, 120), std=4), 22),densify(pv13_52_minvol_1m_sector))",,5,2025-07-19T17:37:51-04:00,,2025-07-19T21:37:55-04:00,model110_glb_2step,False,False,,,['model110_glb_2step'],[],,IS,UNSUBMITTED,7253013,20000000,3776,3509,0.042,0.0701,0.0447,0.003338,1.95,2.6,2013-01-20,"[{'name': 'LOW_SHARPE', 'result': 'PASS', 'limit': 1.58, 'value': 2.6}, {'name': 'LOW_FITNESS', 'result': 'PASS', 'limit': 1.0, 'value': 1.95}, {'name': 'LOW_TURNOVER', 'result': 'PASS', 'limit': 0.01, 'value': 0.042}, {'name': 'HIGH_TURNOVER', 'result': 'PASS', 'limit': 0.7, 'value': 0.042}, {'name': 'CONCENTRATED_WEIGHT', 'result': 'PASS'}, {'name': 'LOW_SUB_UNIVERSE_SHARPE', 'result': 'PASS', 'limit': 0.91, 'value': 1.81}, {'name': 'SELF_CORRELATION', 'result': 'PENDING'}, {'name': 'DATA_DIVERSITY', 'result': 'PENDING'}, {'name': 'PROD_CORRELATION', 'result': 'PENDING'}, {'name': 'REGULAR_SUBMISSION', 'result': 'PENDING'}, {'name': 'IS_LADDER_SHARPE', 'result': 'PASS', 'year': 2, 'startDate': '2023-01-20', 'endDate': '2021-01-21', 'limit': 2.02, 'value': 2.68}, {'result': 'PASS', 'name': 'MATCHES_PYRAMID', 'effective': 2, 'multiplier': 1.0, 'pyramids': [{'name': 'GLB/D1/PV', 'multiplier': 1.0}, {'name': 'GLB/D1/MODEL', 'multiplier': 1.4}]}, {'result': 'WARNING', 'name': 'MATCHES_THEMES', 'themes': [{'id': 'M4ZY3YD', 'multiplier': 2.0, 'name': 'GLB high turnover Theme'}]}, {'name': 'POWER_POOL_CORRELATION', 'result': 'PENDING'}]",,,,,,,,"['GLB/D1/PV', 'GLB/D1/MODEL']",0,0,,,,,,,,,,,,,,,,,,,0
r8joqp1,REGULAR,JZ45236,EQUITY,GLB,MINVOL1M,1,6,SUBINDUSTRY,0.08,ON,VERIFY,ON,FASTEXPR,False,"group_zscore(ts_mean(winsorize(ts_backfill(mdl110_score, 120), std=4), 22),densify(pv13_3l_scibr))",,5,2025-07-19T17:35:32-04:00,,2025-07-19T21:35:34-04:00,model110_glb_2step,False,False,,,['model110_glb_2step'],[],,IS,UNSUBMITTED,7940230,20000000,3609,3318,0.0406,0.0767,0.0552,0.003782,2.04,2.6,2013-01-20,"[{'name': 'LOW_SHARPE', 'result': 'PASS', 'limit': 1.58, 'value': 2.6}, {'name': 'LOW_FITNESS', 'result': 'PASS', 'limit': 1.0, 'value': 2.04}, {'name': 'LOW_TURNOVER', 'result': 'PASS', 'limit': 0.01, 'value': 0.0406}, {'name': 'HIGH_TURNOVER', 'result': 'PASS', 'limit': 0.7, 'value': 0.0406}, {'name': 'CONCENTRATED_WEIGHT', 'result': 'PASS'}, {'name': 'LOW_SUB_UNIVERSE_SHARPE', 'result': 'PASS', 'limit': 0.91, 'value': 1.84}, {'name': 'SELF_CORRELATION', 'result': 'PENDING'}, {'name': 'DATA_DIVERSITY', 'result': 'PENDING'}, {'name': 'PROD_CORRELATION', 'result': 'PENDING'}, {'name': 'REGULAR_SUBMISSION', 'result': 'PENDING'}, {'name': 'IS_LADDER_SHARPE', 'result': 'PASS', 'year': 2, 'startDate': '2023-01-20', 'endDate': '2021-01-21', 'limit': 2.02, 'value': 2.7}, {'result': 'PASS', 'name': 'MATCHES_PYRAMID', 'effective': 2, 'multiplier': 1.0, 'pyramids': [{'name': 'GLB/D1/PV', 'multiplier': 1.0}, {'name': 'GLB/D1/MODEL', 'multiplier': 1.4}]}, {'result': 'WARNING', 'name': 'MATCHES_THEMES', 'themes': [{'id': 'M4ZY3YD', 'multiplier': 2.0, 'name': 'GLB high turnover Theme'}]}, {'name': 'POWER_POOL_CORRELATION', 'result': 'PENDING'}]",,,,,,,,"['GLB/D1/PV', 'GLB/D1/MODEL']",0,0,,,,,,,,,,,,,,,,,,,0
zekmO5o,REGULAR,JZ45236,EQUITY,GLB,MINVOL1M,1,6,SUBINDUSTRY,0.08,ON,VERIFY,ON,FASTEXPR,False,"group_zscore(ts_mean(winsorize(ts_backfill(mdl110_score, 120), std=4), 22),densify(pv13_52_minvol_1m_all_delay_1_sector))",,5,2025-07-19T17:38:50-04:00,,2025-07-19T21:38:51-04:00,model110_glb_2step,False,False,,,['model110_glb_2step'],[],,IS,UNSUBMITTED,7315557,20000000,3775,3507,0.042,0.0707,0.0449,0.003363,1.96,2.61,2013-01-20,"[{'name': 'LOW_SHARPE', 'result': 'PASS', 'limit': 1.58, 'value': 2.61}, {'name': 'LOW_FITNESS', 'result': 'PASS', 'limit': 1.0, 'value': 1.96}, {'name': 'LOW_TURNOVER', 'result': 'PASS', 'limit': 0.01, 'value': 0.042}, {'name': 'HIGH_TURNOVER', 'result': 'PASS', 'limit': 0.7, 'value': 0.042}, {'name': 'CONCENTRATED_WEIGHT', 'result': 'PASS'}, {'name': 'LOW_SUB_UNIVERSE_SHARPE', 'result': 'PASS', 'limit': 0.91, 'value': 1.84}, {'name': 'SELF_CORRELATION', 'result': 'PENDING'}, {'name': 'DATA_DIVERSITY', 'result': 'PENDING'}, {'name': 'PROD_CORRELATION', 'result': 'PENDING'}, {'name': 'REGULAR_SUBMISSION', 'result': 'PENDING'}, {'name': 'IS_LADDER_SHARPE', 'result': 'PASS', 'year': 2, 'startDate': '2023-01-20', 'endDate': '2021-01-21', 'limit': 2.02, 'value': 2.69}, {'result': 'PASS', 'name': 'MATCHES_PYRAMID', 'effective': 2, 'multiplier': 1.0, 'pyramids': [{'name': 'GLB/D1/PV', 'multiplier': 1.0}, {'name': 'GLB/D1/MODEL', 'multiplier': 1.4}]}, {'result': 'WARNING', 'name': 'MATCHES_THEMES', 'themes': [{'id': 'M4ZY3YD', 'multiplier': 2.0, 'name': 'GLB high turnover Theme'}]}, {'name': 'POWER_POOL_CORRELATION', 'result': 'PENDING'}]",,,,,,,,"['GLB/D1/PV', 'GLB/D1/MODEL']",0,0,,,,,,,,,,,,,,,,,,,0
l1jVNM7,REGULAR,JZ45236,EQUITY,GLB,MINVOL1M,1,6,SUBINDUSTRY,0.08,ON,VERIFY,ON,FASTEXPR,False,"group_zscore(ts_mean(winsorize(ts_backfill(mdl110_score, 120), std=4), 22),densify(bucket(rank(cap), range='0.1, 1, 0.1')))",,7,2025-07-19T17:34:59-04:00,,2025-07-19T21:35:03-04:00,model110_glb_2step,False,False,,,['model110_glb_2step'],[],,IS,UNSUBMITTED,8425982,20000000,3805,3493,0.0413,0.0814,0.0651,0.003944,2.1,2.6,2013-01-20,"[{'name': 'LOW_SHARPE', 'result': 'PASS', 'limit': 1.58, 'value': 2.6}, {'name': 'LOW_FITNESS', 'result': 'PASS', 'limit': 1.0, 'value': 2.1}, {'name': 'LOW_TURNOVER', 'result': 'PASS', 'limit': 0.01, 'value': 0.0413}, {'name': 'HIGH_TURNOVER', 'result': 'PASS', 'limit': 0.7, 'value': 0.0413}, {'name': 'CONCENTRATED_WEIGHT', 'result': 'PASS'}, {'name': 'LOW_SUB_UNIVERSE_SHARPE', 'result': 'PASS', 'limit': 0.91, 'value': 1.85}, {'name': 'SELF_CORRELATION', 'result': 'PENDING'}, {'name': 'DATA_DIVERSITY', 'result': 'PENDING'}, {'name': 'PROD_CORRELATION', 'result': 'PENDING'}, {'name': 'REGULAR_SUBMISSION', 'result': 'PENDING'}, {'name': 'IS_LADDER_SHARPE', 'result': 'PASS', 'year': 2, 'startDate': '2023-01-20', 'endDate': '2021-01-21', 'limit': 2.02, 'value': 2.66}, {'result': 'PASS', 'name': 'MATCHES_PYRAMID', 'effective': 2, 'multiplier': 1.0, 'pyramids': [{'name': 'GLB/D1/PV', 'multiplier': 1.0}, {'name': 'GLB/D1/MODEL', 'multiplier': 1.4}]}, {'result': 'WARNING', 'name': 'MATCHES_THEMES', 'themes': [{'id': 'M4ZY3YD', 'multiplier': 2.0, 'name': 'GLB high turnover Theme'}]}, {'name': 'POWER_POOL_CORRELATION', 'result': 'PENDING'}]",,,,,,,,"['GLB/D1/PV', 'GLB/D1/MODEL']",0,0,,,,,,,,,,,,,,,,,,,0
Ve7gbxJ,REGULAR,JZ45236,EQUITY,GLB,MINVOL1M,1,6,SUBINDUSTRY,0.08,ON,VERIFY,ON,FASTEXPR,False,"group_rank(ts_sum(winsorize(ts_backfill(mdl110_score, 120), std=4), 5),densify(bucket(rank(fnd28_value_05480/close), range='0.2, 1, 0.2')))",,8,2025-07-19T16:03:36-04:00,,2025-07-19T20:03:40-04:00,model110_glb_2step,False,False,,,['model110_glb_2step'],[],,IS,UNSUBMITTED,6922291,20000000,4028,4006,0.0631,0.0669,0.0404,0.002119,1.9,2.6,2013-01-20,"[{'name': 'LOW_SHARPE', 'result': 'PASS', 'limit': 1.58, 'value': 2.6}, {'name': 'LOW_FITNESS', 'result': 'PASS', 'limit': 1.0, 'value': 1.9}, {'name': 'LOW_TURNOVER', 'result': 'PASS', 'limit': 0.01, 'value': 0.0631}, {'name': 'HIGH_TURNOVER', 'result': 'PASS', 'limit': 0.7, 'value': 0.0631}, {'name': 'CONCENTRATED_WEIGHT', 'result': 'PASS'}, {'name': 'LOW_SUB_UNIVERSE_SHARPE', 'result': 'PASS', 'limit': 0.91, 'value': 1.81}, {'name': 'SELF_CORRELATION', 'result': 'PENDING'}, {'name': 'DATA_DIVERSITY', 'result': 'PENDING'}, {'name': 'PROD_CORRELATION', 'result': 'PENDING'}, {'name': 'REGULAR_SUBMISSION', 'result': 'PENDING'}, {'name': 'IS_LADDER_SHARPE', 'result': 'PASS', 'year': 2, 'startDate': '2023-01-20', 'endDate': '2021-01-21', 'limit': 2.02, 'value': 2.07}, {'result': 'PASS', 'name': 'MATCHES_PYRAMID', 'effective': 0, 'multiplier': 1.0, 'pyramids': [{'name': 'GLB/D1/PV', 'multiplier': 1.0}, {'name': 'GLB/D1/MODEL', 'multiplier': 1.4}, {'name': 'GLB/D1/FUNDAMENTAL', 'multiplier': 1.6}]}, {'result': 'WARNING', 'name': 'MATCHES_THEMES', 'themes': [{'id': 'M4ZY3YD', 'multiplier': 2.0, 'name': 'GLB high turnover Theme'}]}, {'name': 'POWER_POOL_CORRELATION', 'result': 'PENDING'}]",,,,,,,,"['GLB/D1/PV', 'GLB/D1/MODEL', 'GLB/D1/FUNDAMENTAL']",0,0,,,,,,,,,,,,,,,,,,,0
WJALqLG,REGULAR,JZ45236,EQUITY,GLB,MINVOL1M,1,6,SUBINDUSTRY,0.08,ON,VERIFY,ON,FASTEXPR,False,"group_scale(ts_delta(winsorize(ts_backfill(mdl110_score, 120), std=4), 240),densify(bucket(rank(fnd28_value_05480/close), range='0.2, 1, 0.2')))",,8,2025-07-19T13:33:55-04:00,,2025-07-19T17:33:59-04:00,model110_glb_2step,False,False,,,['model110_glb_2step'],[],,IS,UNSUBMITTED,6398436,20000000,3188,3188,0.1252,0.0618,0.0363,0.000988,1.83,2.6,2013-01-20,"[{'name': 'LOW_SHARPE', 'result': 'PASS', 'limit': 1.58, 'value': 2.6}, {'name': 'LOW_FITNESS', 'result': 'PASS', 'limit': 1.0, 'value': 1.83}, {'name': 'LOW_TURNOVER', 'result': 'PASS', 'limit': 0.01, 'value': 0.1252}, {'name': 'HIGH_TURNOVER', 'result': 'PASS', 'limit': 0.7, 'value': 0.1252}, {'name': 'CONCENTRATED_WEIGHT', 'result': 'PASS'}, {'name': 'LOW_SUB_UNIVERSE_SHARPE', 'result': 'PASS', 'limit': 0.91, 'value': 1.81}, {'name': 'SELF_CORRELATION', 'result': 'PENDING'}, {'name': 'DATA_DIVERSITY', 'result': 'PENDING'}, {'name': 'PROD_CORRELATION', 'result': 'PENDING'}, {'name': 'REGULAR_SUBMISSION', 'result': 'PENDING'}, {'name': 'IS_LADDER_SHARPE', 'result': 'PASS', 'year': 2, 'startDate': '2023-01-20', 'endDate': '2021-01-21', 'limit': 2.02, 'value': 2.18}, {'result': 'PASS', 'name': 'MATCHES_PYRAMID', 'effective': 0, 'multiplier': 1.0, 'pyramids': [{'name': 'GLB/D1/PV', 'multiplier': 1.0}, {'name': 'GLB/D1/MODEL', 'multiplier': 1.4}, {'name': 'GLB/D1/FUNDAMENTAL', 'multiplier': 1.6}]}, {'result': 'WARNING', 'name': 'MATCHES_THEMES', 'themes': [{'id': 'M4ZY3YD', 'multiplier': 2.0, 'name': 'GLB high turnover Theme'}]}, {'name': 'POWER_POOL_CORRELATION', 'result': 'PENDING'}]",,,,,,,,"['GLB/D1/PV', 'GLB/D1/MODEL', 'GLB/D1/FUNDAMENTAL']",0,0,,,,,,,,,,,,,,,,,,,0
5YpQqnk,REGULAR,JZ45236,EQUITY,GLB,MINVOL1M,1,6,SUBINDUSTRY,0.08,ON,VERIFY,ON,FASTEXPR,False,"group_neutralize(ts_delta(winsorize(ts_backfill(mdl110_score, 120), std=4), 240),densify(oth455_relation_n2v_p10_q50_w2_kmeans_cluster_5))",,5,2025-07-19T13:14:58-04:00,,2025-07-19T17:15:03-04:00,model110_glb_2step,False,False,,,['model110_glb_2step'],[],,IS,UNSUBMITTED,7572063,20000000,3129,3114,0.1086,0.0731,0.0477,0.001347,1.99,2.6,2013-01-20,"[{'name': 'LOW_SHARPE', 'result': 'PASS', 'limit': 1.58, 'value': 2.6}, {'name': 'LOW_FITNESS', 'result': 'PASS', 'limit': 1.0, 'value': 1.99}, {'name': 'LOW_TURNOVER', 'result': 'PASS', 'limit': 0.01, 'value': 0.1086}, {'name': 'HIGH_TURNOVER', 'result': 'PASS', 'limit': 0.7, 'value': 0.1086}, {'name': 'CONCENTRATED_WEIGHT', 'result': 'PASS'}, {'name': 'LOW_SUB_UNIVERSE_SHARPE', 'result': 'PASS', 'limit': 0.91, 'value': 1.89}, {'name': 'SELF_CORRELATION', 'result': 'PENDING'}, {'name': 'DATA_DIVERSITY', 'result': 'PENDING'}, {'name': 'PROD_CORRELATION', 'result': 'PENDING'}, {'name': 'REGULAR_SUBMISSION', 'result': 'PENDING'}, {'name': 'IS_LADDER_SHARPE', 'result': 'PASS', 'year': 2, 'startDate': '2023-01-20', 'endDate': '2021-01-21', 'limit': 2.02, 'value': 2.19}, {'result': 'PASS', 'name': 'MATCHES_PYRAMID', 'effective': 2, 'multiplier': 1.4, 'pyramids': [{'name': 'GLB/D1/MODEL', 'multiplier': 1.4}, {'name': 'GLB/D1/OTHER', 'multiplier': 1.6}]}, {'result': 'WARNING', 'name': 'MATCHES_THEMES', 'themes': [{'id': 'M4ZY3YD', 'multiplier': 2.0, 'name': 'GLB high turnover Theme'}]}, {'name': 'POWER_POOL_CORRELATION', 'result': 'PENDING'}]",,,,,,,,"['GLB/D1/MODEL', 'GLB/D1/OTHER']",0,0,,,,,,,,,,,,,,,,,,,0
zekmjpG,REGULAR,JZ45236,EQUITY,GLB,MINVOL1M,1,6,SUBINDUSTRY,0.08,ON,VERIFY,ON,FASTEXPR,False,"group_zscore(ts_mean(winsorize(ts_backfill(mdl110_score, 120), std=4), 22),densify(pv13_2l_scibr))",,5,2025-07-19T17:38:00-04:00,,2025-07-19T21:38:05-04:00,model110_glb_2step,False,False,,,['model110_glb_2step'],[],,IS,UNSUBMITTED,8284848,20000000,3622,3317,0.0405,0.08,0.0614,0.003948,2.06,2.58,2013-01-20,"[{'name': 'LOW_SHARPE', 'result': 'PASS', 'limit': 1.58, 'value': 2.58}, {'name': 'LOW_FITNESS', 'result': 'PASS', 'limit': 1.0, 'value': 2.06}, {'name': 'LOW_TURNOVER', 'result': 'PASS', 'limit': 0.01, 'value': 0.0405}, {'name': 'HIGH_TURNOVER', 'result': 'PASS', 'limit': 0.7, 'value': 0.0405}, {'name': 'CONCENTRATED_WEIGHT', 'result': 'PASS'}, {'name': 'LOW_SUB_UNIVERSE_SHARPE', 'result': 'PASS', 'limit': 0.9, 'value': 1.85}, {'name': 'SELF_CORRELATION', 'result': 'PENDING'}, {'name': 'DATA_DIVERSITY', 'result': 'PENDING'}, {'name': 'PROD_CORRELATION', 'result': 'PENDING'}, {'name': 'REGULAR_SUBMISSION', 'result': 'PENDING'}, {'name': 'IS_LADDER_SHARPE', 'result': 'PASS', 'year': 2, 'startDate': '2023-01-20', 'endDate': '2021-01-21', 'limit': 2.02, 'value': 2.72}, {'result': 'PASS', 'name': 'MATCHES_PYRAMID', 'effective': 2, 'multiplier': 1.0, 'pyramids': [{'name': 'GLB/D1/PV', 'multiplier': 1.0}, {'name': 'GLB/D1/MODEL', 'multiplier': 1.4}]}, {'result': 'WARNING', 'name': 'MATCHES_THEMES', 'themes': [{'id': 'M4ZY3YD', 'multiplier': 2.0, 'name': 'GLB high turnover Theme'}]}, {'name': 'POWER_POOL_CORRELATION', 'result': 'PENDING'}]",,,,,,,,"['GLB/D1/PV', 'GLB/D1/MODEL']",0,0,,,,,,,,,,,,,,,,,,,0
05w8Z6p,REGULAR,JZ45236,EQUITY,GLB,MINVOL1M,1,6,SUBINDUSTRY,0.08,ON,VERIFY,ON,FASTEXPR,False,"group_scale(ts_mean(winsorize(ts_backfill(mdl110_score, 120), std=4), 22),densify(pv13_52_minvol_1m_all_delay_1_sector))",,5,2025-07-19T17:28:34-04:00,,2025-07-19T21:28:36-04:00,model110_glb_2step,False,False,,,['model110_glb_2step'],[],,IS,UNSUBMITTED,6664875,20000000,3786,3496,0.0459,0.0644,0.041,0.002807,1.85,2.58,2013-01-20,"[{'name': 'LOW_SHARPE', 'result': 'PASS', 'limit': 1.58, 'value': 2.58}, {'name': 'LOW_FITNESS', 'result': 'PASS', 'limit': 1.0, 'value': 1.85}, {'name': 'LOW_TURNOVER', 'result': 'PASS', 'limit': 0.01, 'value': 0.0459}, {'name': 'HIGH_TURNOVER', 'result': 'PASS', 'limit': 0.7, 'value': 0.0459}, {'name': 'CONCENTRATED_WEIGHT', 'result': 'PASS'}, {'name': 'LOW_SUB_UNIVERSE_SHARPE', 'result': 'PASS', 'limit': 0.9, 'value': 1.83}, {'name': 'SELF_CORRELATION', 'result': 'PENDING'}, {'name': 'DATA_DIVERSITY', 'result': 'PENDING'}, {'name': 'PROD_CORRELATION', 'result': 'PENDING'}, {'name': 'REGULAR_SUBMISSION', 'result': 'PENDING'}, {'name': 'IS_LADDER_SHARPE', 'result': 'PASS', 'year': 2, 'startDate': '2023-01-20', 'endDate': '2021-01-21', 'limit': 2.02, 'value': 2.62}, {'result': 'PASS', 'name': 'MATCHES_PYRAMID', 'effective': 2, 'multiplier': 1.0, 'pyramids': [{'name': 'GLB/D1/PV', 'multiplier': 1.0}, {'name': 'GLB/D1/MODEL', 'multiplier': 1.4}]}, {'result': 'WARNING', 'name': 'MATCHES_THEMES', 'themes': [{'id': 'M4ZY3YD', 'multiplier': 2.0, 'name': 'GLB high turnover Theme'}]}, {'name': 'POWER_POOL_CORRELATION', 'result': 'PENDING'}]",,,,,,,,"['GLB/D1/PV', 'GLB/D1/MODEL']",0,0,,,,,,,,,,,,,,,,,,,0
aG7vO8x,REGULAR,JZ45236,EQUITY,GLB,MINVOL1M,1,6,SUBINDUSTRY,0.08,ON,VERIFY,ON,FASTEXPR,False,"group_rank(ts_sum(winsorize(ts_backfill(mdl110_score, 120), std=4), 5),densify(pv13_3l_scibr))",,5,2025-07-19T16:07:18-04:00,,2025-07-19T20:07:22-04:00,model110_glb_2step,False,False,,,['model110_glb_2step'],[],,IS,UNSUBMITTED,6358210,20000000,4079,4050,0.0675,0.0614,0.0377,0.00182,1.81,2.58,2013-01-20,"[{'name': 'LOW_SHARPE', 'result': 'PASS', 'limit': 1.58, 'value': 2.58}, {'name': 'LOW_FITNESS', 'result': 'PASS', 'limit': 1.0, 'value': 1.81}, {'name': 'LOW_TURNOVER', 'result': 'PASS', 'limit': 0.01, 'value': 0.0675}, {'name': 'HIGH_TURNOVER', 'result': 'PASS', 'limit': 0.7, 'value': 0.0675}, {'name': 'CONCENTRATED_WEIGHT', 'result': 'PASS'}, {'name': 'LOW_SUB_UNIVERSE_SHARPE', 'result': 'PASS', 'limit': 0.9, 'value': 1.77}, {'name': 'SELF_CORRELATION', 'result': 'PENDING'}, {'name': 'DATA_DIVERSITY', 'result': 'PENDING'}, {'name': 'PROD_CORRELATION', 'result': 'PENDING'}, {'name': 'REGULAR_SUBMISSION', 'result': 'PENDING'}, {'name': 'IS_LADDER_SHARPE', 'result': 'PASS', 'year': 2, 'startDate': '2023-01-20', 'endDate': '2021-01-21', 'limit': 2.02, 'value': 2.25}, {'result': 'PASS', 'name': 'MATCHES_PYRAMID', 'effective': 2, 'multiplier': 1.0, 'pyramids': [{'name': 'GLB/D1/PV', 'multiplier': 1.0}, {'name': 'GLB/D1/MODEL', 'multiplier': 1.4}]}, {'result': 'WARNING', 'name': 'MATCHES_THEMES', 'themes': [{'id': 'M4ZY3YD', 'multiplier': 2.0, 'name': 'GLB high turnover Theme'}]}, {'name': 'POWER_POOL_CORRELATION', 'result': 'PENDING'}]",,,,,,,,"['GLB/D1/PV', 'GLB/D1/MODEL']",0,0,,,,,,,,,,,,,,,,,,,0
l1WwrKO,REGULAR,JZ45236,EQUITY,GLB,MINVOL1M,1,6,SUBINDUSTRY,0.08,ON,VERIFY,ON,FASTEXPR,False,"group_scale(normalize(winsorize(ts_backfill(mdl110_score, 120), std=4)),densify(bucket(rank(cap), range='0.1, 1, 0.1')))",,7,2025-07-19T14:56:01-04:00,,2025-07-19T18:56:06-04:00,model110_glb_2step,False,False,,,['model110_glb_2step'],[],,IS,UNSUBMITTED,9519191,20000000,3764,3529,0.1,0.092,0.0473,0.001839,2.21,2.58,2013-01-20,"[{'name': 'LOW_SHARPE', 'result': 'PASS', 'limit': 1.58, 'value': 2.58}, {'name': 'LOW_FITNESS', 'result': 'PASS', 'limit': 1.0, 'value': 2.21}, {'name': 'LOW_TURNOVER', 'result': 'PASS', 'limit': 0.01, 'value': 0.1}, {'name': 'HIGH_TURNOVER', 'result': 'PASS', 'limit': 0.7, 'value': 0.1}, {'name': 'CONCENTRATED_WEIGHT', 'result': 'PASS'}, {'name': 'LOW_SUB_UNIVERSE_SHARPE', 'result': 'PASS', 'limit': 0.9, 'value': 1.71}, {'name': 'SELF_CORRELATION', 'result': 'PENDING'}, {'name': 'DATA_DIVERSITY', 'result': 'PENDING'}, {'name': 'PROD_CORRELATION', 'result': 'PENDING'}, {'name': 'REGULAR_SUBMISSION', 'result': 'PENDING'}, {'name': 'IS_LADDER_SHARPE', 'result': 'PASS', 'year': 2, 'startDate': '2023-01-20', 'endDate': '2021-01-21', 'limit': 2.02, 'value': 2.02}, {'result': 'PASS', 'name': 'MATCHES_PYRAMID', 'effective': 2, 'multiplier': 1.0, 'pyramids': [{'name': 'GLB/D1/PV', 'multiplier': 1.0}, {'name': 'GLB/D1/MODEL', 'multiplier': 1.4}]}, {'result': 'WARNING', 'name': 'MATCHES_THEMES', 'themes': [{'id': 'M4ZY3YD', 'multiplier': 2.0, 'name': 'GLB high turnover Theme'}]}, {'name': 'POWER_POOL_CORRELATION', 'result': 'PENDING'}]",,,,,,,,"['GLB/D1/PV', 'GLB/D1/MODEL']",0,0,,,,,,,,,,,,,,,,,,,0
YY7qjpJ,REGULAR,JZ45236,EQUITY,GLB,MINVOL1M,1,6,SUBINDUSTRY,0.08,ON,VERIFY,ON,FASTEXPR,False,"group_rank(ts_sum(winsorize(ts_backfill(mdl110_score, 120), std=4), 5),densify(bucket(group_rank(cap,sector),range='0,1,0.1')))",,7,2025-07-19T16:04:18-04:00,,2025-07-19T20:04:20-04:00,model110_glb_2step,False,False,,,['model110_glb_2step'],[],,IS,UNSUBMITTED,6710544,20000000,4379,4326,0.0624,0.0648,0.0437,0.002077,1.87,2.6,2013-01-20,"[{'name': 'LOW_SHARPE', 'result': 'PASS', 'limit': 1.58, 'value': 2.6}, {'name': 'LOW_FITNESS', 'result': 'PASS', 'limit': 1.0, 'value': 1.87}, {'name': 'LOW_TURNOVER', 'result': 'PASS', 'limit': 0.01, 'value': 0.0624}, {'name': 'HIGH_TURNOVER', 'result': 'PASS', 'limit': 0.7, 'value': 0.0624}, {'name': 'CONCENTRATED_WEIGHT', 'result': 'PASS'}, {'name': 'LOW_SUB_UNIVERSE_SHARPE', 'result': 'PASS', 'limit': 0.91, 'value': 1.76}, {'name': 'SELF_CORRELATION', 'result': 'PENDING'}, {'name': 'DATA_DIVERSITY', 'result': 'PENDING'}, {'name': 'PROD_CORRELATION', 'result': 'PENDING'}, {'name': 'REGULAR_SUBMISSION', 'result': 'PENDING'}, {'name': 'IS_LADDER_SHARPE', 'result': 'PASS', 'year': 2, 'startDate': '2023-01-20', 'endDate': '2021-01-21', 'limit': 2.02, 'value': 2.27}, {'result': 'PASS', 'name': 'MATCHES_PYRAMID', 'effective': 2, 'multiplier': 1.0, 'pyramids': [{'name': 'GLB/D1/PV', 'multiplier': 1.0}, {'name': 'GLB/D1/MODEL', 'multiplier': 1.4}]}, {'result': 'WARNING', 'name': 'MATCHES_THEMES', 'themes': [{'id': 'M4ZY3YD', 'multiplier': 2.0, 'name': 'GLB high turnover Theme'}]}, {'name': 'POWER_POOL_CORRELATION', 'result': 'PENDING'}]",,,,,,,,"['GLB/D1/PV', 'GLB/D1/MODEL']",0,0,,,,,,,,,,,,,,,,,,,0
aG7jAvO,REGULAR,JZ45236,EQUITY,GLB,MINVOL1M,1,6,SUBINDUSTRY,0.08,ON,VERIFY,ON,FASTEXPR,False,"group_scale(ts_delta(winsorize(ts_backfill(mdl110_growth, 120), std=4), 240),densify(market))",,5,2025-07-19T15:34:03-04:00,,2025-07-19T19:34:08-04:00,model110_glb_2step,False,False,,,['model110_glb_2step'],"[{'id': 'DATA_USAGE:SINGLE_DATA_SET', 'name': 'Single Data Set Alpha'}]",,IS,UNSUBMITTED,4601647,20000000,3187,3206,0.0533,0.0445,0.0273,0.001669,1.51,2.53,2013-01-20,"[{'name': 'LOW_SHARPE', 'result': 'PASS', 'limit': 1.58, 'value': 2.53}, {'name': 'LOW_FITNESS', 'result': 'PASS', 'limit': 1.0, 'value': 1.51}, {'name': 'LOW_TURNOVER', 'result': 'PASS', 'limit': 0.01, 'value': 0.0533}, {'name': 'HIGH_TURNOVER', 'result': 'PASS', 'limit': 0.7, 'value': 0.0533}, {'name': 'CONCENTRATED_WEIGHT', 'result': 'PASS'}, {'name': 'LOW_SUB_UNIVERSE_SHARPE', 'result': 'PASS', 'limit': 0.89, 'value': 1.62}, {'name': 'SELF_CORRELATION', 'result': 'PENDING'}, {'name': 'DATA_DIVERSITY', 'result': 'PENDING'}, {'name': 'PROD_CORRELATION', 'result': 'PENDING'}, {'name': 'REGULAR_SUBMISSION', 'result': 'PENDING'}, {'name': 'LOW_2Y_SHARPE', 'result': 'PASS', 'value': 2.46, 'limit': 1.58}, {'result': 'PASS', 'name': 'MATCHES_PYRAMID', 'effective': 1, 'multiplier': 1.4, 'pyramids': [{'name': 'GLB/D1/MODEL', 'multiplier': 1.4}]}, {'result': 'WARNING', 'name': 'MATCHES_THEMES', 'themes': [{'id': 'M4ZY3YD', 'multiplier': 2.0, 'name': 'GLB high turnover Theme'}]}, {'name': 'POWER_POOL_CORRELATION', 'result': 'PENDING'}]",,,,,,,,['GLB/D1/MODEL'],0,0,,,,,,,,,,,,,,,,,,,0
ExGKJom,REGULAR,JZ45236,EQUITY,GLB,MINVOL1M,1,6,SUBINDUSTRY,0.08,ON,VERIFY,ON,FASTEXPR,False,"group_neutralize(winsorize(ts_backfill(mdl110_score, 120), std=4),densify(oth455_relation_n2v_p10_q50_w2_kmeans_cluster_5))",,4,2025-07-19T12:32:38-04:00,,2025-07-19T16:32:40-04:00,model110_glb_2step,False,False,,,['model110_glb_2step'],[],,IS,UNSUBMITTED,9121211,20000000,3629,3373,0.0882,0.0881,0.0758,0.001999,2.2,2.62,2013-01-20,"[{'name': 'LOW_SHARPE', 'result': 'PASS', 'limit': 1.58, 'value': 2.62}, {'name': 'LOW_FITNESS', 'result': 'PASS', 'limit': 1.0, 'value': 2.2}, {'name': 'LOW_TURNOVER', 'result': 'PASS', 'limit': 0.01, 'value': 0.0882}, {'name': 'HIGH_TURNOVER', 'result': 'PASS', 'limit': 0.7, 'value': 0.0882}, {'name': 'CONCENTRATED_WEIGHT', 'result': 'PASS'}, {'name': 'LOW_SUB_UNIVERSE_SHARPE', 'result': 'PASS', 'limit': 0.92, 'value': 1.89}, {'name': 'SELF_CORRELATION', 'result': 'PENDING'}, {'name': 'DATA_DIVERSITY', 'result': 'PENDING'}, {'name': 'PROD_CORRELATION', 'result': 'PENDING'}, {'name': 'REGULAR_SUBMISSION', 'result': 'PENDING'}, {'name': 'IS_LADDER_SHARPE', 'result': 'WARNING', 'year': 3, 'startDate': '2023-01-20', 'endDate': '2020-01-21', 'limit': 1.58, 'value': 1.13}, {'result': 'PASS', 'name': 'MATCHES_PYRAMID', 'effective': 2, 'multiplier': 1.4, 'pyramids': [{'name': 'GLB/D1/MODEL', 'multiplier': 1.4}, {'name': 'GLB/D1/OTHER', 'multiplier': 1.6}]}, {'result': 'WARNING', 'name': 'MATCHES_THEMES', 'themes': [{'id': 'M4ZY3YD', 'multiplier': 2.0, 'name': 'GLB high turnover Theme'}]}, {'name': 'POWER_POOL_CORRELATION', 'result': 'PENDING'}]",,,,,,,,"['GLB/D1/MODEL', 'GLB/D1/OTHER']",0,0,,,,,,,,,,,,,,,,,,,0
wWaarV6,REGULAR,JZ45236,EQUITY,GLB,MINVOL1M,1,6,SUBINDUSTRY,0.08,ON,VERIFY,ON,FASTEXPR,False,"group_zscore(winsorize(ts_backfill(mdl110_score, 120), std=4),densify(oth455_competitor_roam_w2_pca_fact1_cluster_10))",,4,2025-07-19T13:05:30-04:00,,2025-07-19T17:05:35-04:00,model110_glb_2step,False,False,,,['model110_glb_2step'],[],,IS,UNSUBMITTED,9110684,20000000,3080,2839,0.0885,0.088,0.0518,0.001989,2.21,2.63,2013-01-20,"[{'name': 'LOW_SHARPE', 'result': 'PASS', 'limit': 1.58, 'value': 2.63}, {'name': 'LOW_FITNESS', 'result': 'PASS', 'limit': 1.0, 'value': 2.21}, {'name': 'LOW_TURNOVER', 'result': 'PASS', 'limit': 0.01, 'value': 0.0885}, {'name': 'HIGH_TURNOVER', 'result': 'PASS', 'limit': 0.7, 'value': 0.0885}, {'name': 'CONCENTRATED_WEIGHT', 'result': 'PASS'}, {'name': 'LOW_SUB_UNIVERSE_SHARPE', 'result': 'PASS', 'limit': 0.92, 'value': 1.82}, {'name': 'SELF_CORRELATION', 'result': 'PENDING'}, {'name': 'DATA_DIVERSITY', 'result': 'PENDING'}, {'name': 'PROD_CORRELATION', 'result': 'PENDING'}, {'name': 'REGULAR_SUBMISSION', 'result': 'PENDING'}, {'name': 'IS_LADDER_SHARPE', 'result': 'PASS', 'year': 2, 'startDate': '2023-01-20', 'endDate': '2021-01-21', 'limit': 2.02, 'value': 2.29}, {'result': 'PASS', 'name': 'MATCHES_PYRAMID', 'effective': 2, 'multiplier': 1.4, 'pyramids': [{'name': 'GLB/D1/MODEL', 'multiplier': 1.4}, {'name': 'GLB/D1/OTHER', 'multiplier': 1.6}]}, {'result': 'WARNING', 'name': 'MATCHES_THEMES', 'themes': [{'id': 'M4ZY3YD', 'multiplier': 2.0, 'name': 'GLB high turnover Theme'}]}, {'name': 'POWER_POOL_CORRELATION', 'result': 'PENDING'}]",,,,,,,,"['GLB/D1/MODEL', 'GLB/D1/OTHER']",0,0,,,,,,,,,,,,,,,,,,,0
nrNa15d,REGULAR,JZ45236,EQUITY,GLB,MINVOL1M,1,6,SUBINDUSTRY,0.08,ON,VERIFY,ON,FASTEXPR,False,"group_zscore(ts_delta(winsorize(ts_backfill(mdl110_score, 120), std=4), 240),densify(pv13_1l_scibr))",,5,2025-07-19T13:47:05-04:00,,2025-07-19T17:47:07-04:00,model110_glb_2step,False,False,,,['model110_glb_2step'],[],,IS,UNSUBMITTED,6519717,20000000,3080,3075,0.1065,0.063,0.0349,0.001182,1.95,2.75,2013-01-20,"[{'name': 'LOW_SHARPE', 'result': 'PASS', 'limit': 1.58, 'value': 2.75}, {'name': 'LOW_FITNESS', 'result': 'PASS', 'limit': 1.0, 'value': 1.95}, {'name': 'LOW_TURNOVER', 'result': 'PASS', 'limit': 0.01, 'value': 0.1065}, {'name': 'HIGH_TURNOVER', 'result': 'PASS', 'limit': 0.7, 'value': 0.1065}, {'name': 'CONCENTRATED_WEIGHT', 'result': 'PASS'}, {'name': 'LOW_SUB_UNIVERSE_SHARPE', 'result': 'PASS', 'limit': 0.96, 'value': 1.87}, {'name': 'SELF_CORRELATION', 'result': 'PENDING'}, {'name': 'DATA_DIVERSITY', 'result': 'PENDING'}, {'name': 'PROD_CORRELATION', 'result': 'PENDING'}, {'name': 'REGULAR_SUBMISSION', 'result': 'PENDING'}, {'name': 'IS_LADDER_SHARPE', 'result': 'PASS', 'year': 8, 'startDate': '2023-01-20', 'endDate': '2015-01-21', 'limit': 1.61, 'value': 2.09}, {'result': 'PASS', 'name': 'MATCHES_PYRAMID', 'effective': 2, 'multiplier': 1.0, 'pyramids': [{'name': 'GLB/D1/PV', 'multiplier': 1.0}, {'name': 'GLB/D1/MODEL', 'multiplier': 1.4}]}, {'result': 'WARNING', 'name': 'MATCHES_THEMES', 'themes': [{'id': 'M4ZY3YD', 'multiplier': 2.0, 'name': 'GLB high turnover Theme'}]}, {'name': 'POWER_POOL_CORRELATION', 'result': 'PENDING'}]",,,,,,,,"['GLB/D1/PV', 'GLB/D1/MODEL']",0,0,,,,,,,,,,,,,,,,,,,0
oZq6GEl,REGULAR,JZ45236,EQUITY,GLB,MINVOL1M,1,6,SUBINDUSTRY,0.08,ON,VERIFY,ON,FASTEXPR,False,"group_zscore(ts_mean(winsorize(ts_backfill(mdl110_score, 120), std=4), 5),densify(bucket(rank(fnd28_value_05480/close), range='0.2, 1, 0.2')))",,8,2025-07-19T18:08:57-04:00,,2025-07-19T22:09:00-04:00,model110_glb_2step,False,False,,,['model110_glb_2step'],[],,IS,UNSUBMITTED,8917117,20000000,3750,3451,0.0728,0.0861,0.0592,0.002367,2.27,2.74,2013-01-20,"[{'name': 'LOW_SHARPE', 'result': 'PASS', 'limit': 1.58, 'value': 2.74}, {'name': 'LOW_FITNESS', 'result': 'PASS', 'limit': 1.0, 'value': 2.27}, {'name': 'LOW_TURNOVER', 'result': 'PASS', 'limit': 0.01, 'value': 0.0728}, {'name': 'HIGH_TURNOVER', 'result': 'PASS', 'limit': 0.7, 'value': 0.0728}, {'name': 'CONCENTRATED_WEIGHT', 'result': 'PASS'}, {'name': 'LOW_SUB_UNIVERSE_SHARPE', 'result': 'PASS', 'limit': 0.96, 'value': 1.88}, {'name': 'SELF_CORRELATION', 'result': 'PENDING'}, {'name': 'DATA_DIVERSITY', 'result': 'PENDING'}, {'name': 'PROD_CORRELATION', 'result': 'PENDING'}, {'name': 'REGULAR_SUBMISSION', 'result': 'PENDING'}, {'name': 'IS_LADDER_SHARPE', 'result': 'WARNING', 'year': 3, 'startDate': '2023-01-20', 'endDate': '2020-01-21', 'limit': 1.58, 'value': 1.33}, {'result': 'PASS', 'name': 'MATCHES_PYRAMID', 'effective': 0, 'multiplier': 1.0, 'pyramids': [{'name': 'GLB/D1/PV', 'multiplier': 1.0}, {'name': 'GLB/D1/MODEL', 'multiplier': 1.4}, {'name': 'GLB/D1/FUNDAMENTAL', 'multiplier': 1.6}]}, {'result': 'WARNING', 'name': 'MATCHES_THEMES', 'themes': [{'id': 'M4ZY3YD', 'multiplier': 2.0, 'name': 'GLB high turnover Theme'}]}, {'name': 'POWER_POOL_CORRELATION', 'result': 'PENDING'}]",,,,,,,,"['GLB/D1/PV', 'GLB/D1/MODEL', 'GLB/D1/FUNDAMENTAL']",0,0,,,,,,,,,,,,,,,,,,,0
aG738rR,REGULAR,JZ45236,EQUITY,GLB,MINVOL1M,1,6,SUBINDUSTRY,0.08,ON,VERIFY,ON,FASTEXPR,False,"group_scale(ts_sum(winsorize(ts_backfill(mdl110_score, 120), std=4), 5),densify(pv13_52_minvol_1m_sector))",,5,2025-07-19T16:16:46-04:00,,2025-07-19T20:16:53-04:00,model110_glb_2step,False,False,,,['model110_glb_2step'],[],,IS,UNSUBMITTED,6310367,20000000,4534,4141,0.0785,0.061,0.0415,0.001554,1.91,2.74,2013-01-20,"[{'name': 'LOW_SHARPE', 'result': 'PASS', 'limit': 1.58, 'value': 2.74}, {'name': 'LOW_FITNESS', 'result': 'PASS', 'limit': 1.0, 'value': 1.91}, {'name': 'LOW_TURNOVER', 'result': 'PASS', 'limit': 0.01, 'value': 0.0785}, {'name': 'HIGH_TURNOVER', 'result': 'PASS', 'limit': 0.7, 'value': 0.0785}, {'name': 'CONCENTRATED_WEIGHT', 'result': 'PASS'}, {'name': 'LOW_SUB_UNIVERSE_SHARPE', 'result': 'PASS', 'limit': 0.96, 'value': 1.76}, {'name': 'SELF_CORRELATION', 'result': 'PENDING'}, {'name': 'DATA_DIVERSITY', 'result': 'PENDING'}, {'name': 'PROD_CORRELATION', 'result': 'PENDING'}, {'name': 'REGULAR_SUBMISSION', 'result': 'PENDING'}, {'name': 'IS_LADDER_SHARPE', 'result': 'PASS', 'year': 2, 'startDate': '2023-01-20', 'endDate': '2021-01-21', 'limit': 2.02, 'value': 2.28}, {'result': 'PASS', 'name': 'MATCHES_PYRAMID', 'effective': 2, 'multiplier': 1.0, 'pyramids': [{'name': 'GLB/D1/PV', 'multiplier': 1.0}, {'name': 'GLB/D1/MODEL', 'multiplier': 1.4}]}, {'result': 'WARNING', 'name': 'MATCHES_THEMES', 'themes': [{'id': 'M4ZY3YD', 'multiplier': 2.0, 'name': 'GLB high turnover Theme'}]}, {'name': 'POWER_POOL_CORRELATION', 'result': 'PENDING'}]",,,,,,,,"['GLB/D1/PV', 'GLB/D1/MODEL']",0,0,,,,,,,,,,,,,,,,,,,0
bAjE2mR,REGULAR,JZ45236,EQUITY,GLB,MINVOL1M,1,6,SUBINDUSTRY,0.08,ON,VERIFY,ON,FASTEXPR,False,"group_rank(ts_sum(winsorize(ts_backfill(mdl110_score, 120), std=4), 5),densify(pv13_52_minvol_1m_all_delay_1_sector))",,5,2025-07-19T16:06:04-04:00,,2025-07-19T20:06:06-04:00,model110_glb_2step,False,False,,,['model110_glb_2step'],[],,IS,UNSUBMITTED,6345746,20000000,4374,4325,0.0746,0.0613,0.0362,0.001644,1.92,2.74,2013-01-20,"[{'name': 'LOW_SHARPE', 'result': 'PASS', 'limit': 1.58, 'value': 2.74}, {'name': 'LOW_FITNESS', 'result': 'PASS', 'limit': 1.0, 'value': 1.92}, {'name': 'LOW_TURNOVER', 'result': 'PASS', 'limit': 0.01, 'value': 0.0746}, {'name': 'HIGH_TURNOVER', 'result': 'PASS', 'limit': 0.7, 'value': 0.0746}, {'name': 'CONCENTRATED_WEIGHT', 'result': 'PASS'}, {'name': 'LOW_SUB_UNIVERSE_SHARPE', 'result': 'PASS', 'limit': 0.96, 'value': 1.87}, {'name': 'SELF_CORRELATION', 'result': 'PENDING'}, {'name': 'DATA_DIVERSITY', 'result': 'PENDING'}, {'name': 'PROD_CORRELATION', 'result': 'PENDING'}, {'name': 'REGULAR_SUBMISSION', 'result': 'PENDING'}, {'name': 'IS_LADDER_SHARPE', 'result': 'PASS', 'year': 2, 'startDate': '2023-01-20', 'endDate': '2021-01-21', 'limit': 2.02, 'value': 2.41}, {'result': 'PASS', 'name': 'MATCHES_PYRAMID', 'effective': 2, 'multiplier': 1.0, 'pyramids': [{'name': 'GLB/D1/PV', 'multiplier': 1.0}, {'name': 'GLB/D1/MODEL', 'multiplier': 1.4}]}, {'result': 'WARNING', 'name': 'MATCHES_THEMES', 'themes': [{'id': 'M4ZY3YD', 'multiplier': 2.0, 'name': 'GLB high turnover Theme'}]}, {'name': 'POWER_POOL_CORRELATION', 'result': 'PENDING'}]",,,,,,,,"['GLB/D1/PV', 'GLB/D1/MODEL']",0,0,,,,,,,,,,,,,,,,,,,0
p3N3MXV,REGULAR,JZ45236,EQUITY,GLB,MINVOL1M,1,6,SUBINDUSTRY,0.08,ON,VERIFY,ON,FASTEXPR,False,"group_zscore(rank(winsorize(ts_backfill(mdl110_score, 120), std=4)),densify(oth455_relation_n2v_p10_q200_w2_kmeans_cluster_5))",,5,2025-07-19T14:32:21-04:00,,2025-07-19T18:32:23-04:00,model110_glb_2step,False,False,,,['model110_glb_2step'],[],,IS,UNSUBMITTED,7931347,20000000,3511,3492,0.0804,0.0766,0.0462,0.001907,2.14,2.74,2013-01-20,"[{'name': 'LOW_SHARPE', 'result': 'PASS', 'limit': 1.58, 'value': 2.74}, {'name': 'LOW_FITNESS', 'result': 'PASS', 'limit': 1.0, 'value': 2.14}, {'name': 'LOW_TURNOVER', 'result': 'PASS', 'limit': 0.01, 'value': 0.0804}, {'name': 'HIGH_TURNOVER', 'result': 'PASS', 'limit': 0.7, 'value': 0.0804}, {'name': 'CONCENTRATED_WEIGHT', 'result': 'PASS'}, {'name': 'LOW_SUB_UNIVERSE_SHARPE', 'result': 'PASS', 'limit': 0.96, 'value': 1.8}, {'name': 'SELF_CORRELATION', 'result': 'PENDING'}, {'name': 'DATA_DIVERSITY', 'result': 'PENDING'}, {'name': 'PROD_CORRELATION', 'result': 'PENDING'}, {'name': 'REGULAR_SUBMISSION', 'result': 'PENDING'}, {'name': 'IS_LADDER_SHARPE', 'result': 'PASS', 'year': 2, 'startDate': '2023-01-20', 'endDate': '2021-01-21', 'limit': 2.02, 'value': 2.44}, {'result': 'PASS', 'name': 'MATCHES_PYRAMID', 'effective': 2, 'multiplier': 1.4, 'pyramids': [{'name': 'GLB/D1/MODEL', 'multiplier': 1.4}, {'name': 'GLB/D1/OTHER', 'multiplier': 1.6}]}, {'result': 'WARNING', 'name': 'MATCHES_THEMES', 'themes': [{'id': 'M4ZY3YD', 'multiplier': 2.0, 'name': 'GLB high turnover Theme'}]}, {'name': 'POWER_POOL_CORRELATION', 'result': 'PENDING'}]",,,,,,,,"['GLB/D1/MODEL', 'GLB/D1/OTHER']",0,0,,,,,,,,,,,,,,,,,,,0
G9GQj5P,REGULAR,JZ45236,EQUITY,GLB,MINVOL1M,1,6,SUBINDUSTRY,0.08,ON,VERIFY,ON,FASTEXPR,False,"group_neutralize(rank(winsorize(ts_backfill(mdl110_score, 120), std=4)),densify(oth455_relation_n2v_p10_q50_w2_kmeans_cluster_5))",,5,2025-07-19T14:00:09-04:00,,2025-07-19T18:00:13-04:00,model110_glb_2step,False,False,,,['model110_glb_2step'],[],,IS,UNSUBMITTED,7881657,20000000,3512,3491,0.0804,0.0761,0.0471,0.001895,2.14,2.74,2013-01-20,"[{'name': 'LOW_SHARPE', 'result': 'PASS', 'limit': 1.58, 'value': 2.74}, {'name': 'LOW_FITNESS', 'result': 'PASS', 'limit': 1.0, 'value': 2.14}, {'name': 'LOW_TURNOVER', 'result': 'PASS', 'limit': 0.01, 'value': 0.0804}, {'name': 'HIGH_TURNOVER', 'result': 'PASS', 'limit': 0.7, 'value': 0.0804}, {'name': 'CONCENTRATED_WEIGHT', 'result': 'PASS'}, {'name': 'LOW_SUB_UNIVERSE_SHARPE', 'result': 'PASS', 'limit': 0.96, 'value': 1.79}, {'name': 'SELF_CORRELATION', 'result': 'PENDING'}, {'name': 'DATA_DIVERSITY', 'result': 'PENDING'}, {'name': 'PROD_CORRELATION', 'result': 'PENDING'}, {'name': 'REGULAR_SUBMISSION', 'result': 'PENDING'}, {'name': 'IS_LADDER_SHARPE', 'result': 'PASS', 'year': 2, 'startDate': '2023-01-20', 'endDate': '2021-01-21', 'limit': 2.02, 'value': 2.39}, {'result': 'PASS', 'name': 'MATCHES_PYRAMID', 'effective': 2, 'multiplier': 1.4, 'pyramids': [{'name': 'GLB/D1/MODEL', 'multiplier': 1.4}, {'name': 'GLB/D1/OTHER', 'multiplier': 1.6}]}, {'result': 'WARNING', 'name': 'MATCHES_THEMES', 'themes': [{'id': 'M4ZY3YD', 'multiplier': 2.0, 'name': 'GLB high turnover Theme'}]}, {'name': 'POWER_POOL_CORRELATION', 'result': 'PENDING'}]",,,,,,,,"['GLB/D1/MODEL', 'GLB/D1/OTHER']",0,0,,,,,,,,,,,,,,,,,,,0
r82d5Y1,REGULAR,JZ45236,EQUITY,GLB,MINVOL1M,1,6,SUBINDUSTRY,0.08,ON,VERIFY,ON,FASTEXPR,False,"group_scale(ts_delta(winsorize(ts_backfill(mdl110_score, 120), std=4), 240),densify(pv13_52_minvol_1m_sector))",,5,2025-07-19T13:37:05-04:00,,2025-07-19T17:37:07-04:00,model110_glb_2step,False,False,,,['model110_glb_2step'],[],,IS,UNSUBMITTED,5142883,20000000,3194,3182,0.1152,0.0497,0.0209,0.000862,1.73,2.74,2013-01-20,"[{'name': 'LOW_SHARPE', 'result': 'PASS', 'limit': 1.58, 'value': 2.74}, {'name': 'LOW_FITNESS', 'result': 'PASS', 'limit': 1.0, 'value': 1.73}, {'name': 'LOW_TURNOVER', 'result': 'PASS', 'limit': 0.01, 'value': 0.1152}, {'name': 'HIGH_TURNOVER', 'result': 'PASS', 'limit': 0.7, 'value': 0.1152}, {'name': 'CONCENTRATED_WEIGHT', 'result': 'PASS'}, {'name': 'LOW_SUB_UNIVERSE_SHARPE', 'result': 'PASS', 'limit': 0.96, 'value': 1.97}, {'name': 'SELF_CORRELATION', 'result': 'PENDING'}, {'name': 'DATA_DIVERSITY', 'result': 'PENDING'}, {'name': 'PROD_CORRELATION', 'result': 'PENDING'}, {'name': 'REGULAR_SUBMISSION', 'result': 'PENDING'}, {'name': 'IS_LADDER_SHARPE', 'result': 'PASS', 'year': 2, 'startDate': '2023-01-20', 'endDate': '2021-01-21', 'limit': 2.02, 'value': 2.19}, {'result': 'PASS', 'name': 'MATCHES_PYRAMID', 'effective': 2, 'multiplier': 1.0, 'pyramids': [{'name': 'GLB/D1/PV', 'multiplier': 1.0}, {'name': 'GLB/D1/MODEL', 'multiplier': 1.4}]}, {'result': 'WARNING', 'name': 'MATCHES_THEMES', 'themes': [{'id': 'M4ZY3YD', 'multiplier': 2.0, 'name': 'GLB high turnover Theme'}]}, {'name': 'POWER_POOL_CORRELATION', 'result': 'PENDING'}]",,,,,,,,"['GLB/D1/PV', 'GLB/D1/MODEL']",0,0,,,,,,,,,,,,,,,,,,,0
vPNnbEv,REGULAR,JZ45236,EQUITY,GLB,MINVOL1M,1,6,SUBINDUSTRY,0.08,ON,VERIFY,ON,FASTEXPR,False,"group_zscore(zscore(winsorize(ts_backfill(mdl110_score, 120), std=4)),densify(oth455_competitor_roam_w2_pca_fact1_cluster_10))",,5,2025-07-19T11:42:02-04:00,,2025-07-19T15:42:07-04:00,model110_glb_2step,False,False,,,['model110_glb_2step'],[],,IS,UNSUBMITTED,9110383,20000000,3080,2839,0.0885,0.088,0.0518,0.001988,2.21,2.63,2013-01-20,"[{'name': 'LOW_SHARPE', 'result': 'PASS', 'limit': 1.58, 'value': 2.63}, {'name': 'LOW_FITNESS', 'result': 'PASS', 'limit': 1.0, 'value': 2.21}, {'name': 'LOW_TURNOVER', 'result': 'PASS', 'limit': 0.01, 'value': 0.0885}, {'name': 'HIGH_TURNOVER', 'result': 'PASS', 'limit': 0.7, 'value': 0.0885}, {'name': 'CONCENTRATED_WEIGHT', 'result': 'PASS'}, {'name': 'LOW_SUB_UNIVERSE_SHARPE', 'result': 'PASS', 'limit': 0.92, 'value': 1.82}, {'name': 'SELF_CORRELATION', 'result': 'PENDING'}, {'name': 'DATA_DIVERSITY', 'result': 'PENDING'}, {'name': 'PROD_CORRELATION', 'result': 'PENDING'}, {'name': 'REGULAR_SUBMISSION', 'result': 'PENDING'}, {'name': 'IS_LADDER_SHARPE', 'result': 'PASS', 'year': 2, 'startDate': '2023-01-20', 'endDate': '2021-01-21', 'limit': 2.02, 'value': 2.3}, {'result': 'PASS', 'name': 'MATCHES_PYRAMID', 'effective': 2, 'multiplier': 1.4, 'pyramids': [{'name': 'GLB/D1/MODEL', 'multiplier': 1.4}, {'name': 'GLB/D1/OTHER', 'multiplier': 1.6}]}, {'result': 'WARNING', 'name': 'MATCHES_THEMES', 'themes': [{'id': 'M4ZY3YD', 'multiplier': 2.0, 'name': 'GLB high turnover Theme'}]}, {'name': 'POWER_POOL_CORRELATION', 'result': 'PENDING'}]",,,,,,,,"['GLB/D1/MODEL', 'GLB/D1/OTHER']",0,0,,,,,,,,,,,,,,,,,,,0
qVNgVEE,REGULAR,JZ45236,EQUITY,GLB,MINVOL1M,1,6,SUBINDUSTRY,0.08,ON,VERIFY,ON,FASTEXPR,False,"group_neutralize(winsorize(ts_backfill(mdl110_score, 120), std=4),densify(pv13_3l_scibr))",,4,2025-07-19T12:30:22-04:00,,2025-07-19T16:30:24-04:00,model110_glb_2step,False,False,,,['model110_glb_2step'],[],,IS,UNSUBMITTED,9337788,20000000,3578,3356,0.0883,0.0902,0.0665,0.002043,2.33,2.74,2013-01-20,"[{'name': 'LOW_SHARPE', 'result': 'PASS', 'limit': 1.58, 'value': 2.74}, {'name': 'LOW_FITNESS', 'result': 'PASS', 'limit': 1.0, 'value': 2.33}, {'name': 'LOW_TURNOVER', 'result': 'PASS', 'limit': 0.01, 'value': 0.0883}, {'name': 'HIGH_TURNOVER', 'result': 'PASS', 'limit': 0.7, 'value': 0.0883}, {'name': 'CONCENTRATED_WEIGHT', 'result': 'PASS'}, {'name': 'LOW_SUB_UNIVERSE_SHARPE', 'result': 'PASS', 'limit': 0.96, 'value': 2.0}, {'name': 'SELF_CORRELATION', 'result': 'PENDING'}, {'name': 'DATA_DIVERSITY', 'result': 'PENDING'}, {'name': 'PROD_CORRELATION', 'result': 'PENDING'}, {'name': 'REGULAR_SUBMISSION', 'result': 'PENDING'}, {'name': 'IS_LADDER_SHARPE', 'result': 'WARNING', 'year': 3, 'startDate': '2023-01-20', 'endDate': '2020-01-21', 'limit': 1.58, 'value': 1.33}, {'result': 'PASS', 'name': 'MATCHES_PYRAMID', 'effective': 2, 'multiplier': 1.0, 'pyramids': [{'name': 'GLB/D1/PV', 'multiplier': 1.0}, {'name': 'GLB/D1/MODEL', 'multiplier': 1.4}]}, {'result': 'WARNING', 'name': 'MATCHES_THEMES', 'themes': [{'id': 'M4ZY3YD', 'multiplier': 2.0, 'name': 'GLB high turnover Theme'}]}, {'name': 'POWER_POOL_CORRELATION', 'result': 'PENDING'}]",,,,,,,,"['GLB/D1/PV', 'GLB/D1/MODEL']",0,0,,,,,,,,,,,,,,,,,,,0
vPNObPz,REGULAR,JZ45236,EQUITY,GLB,MINVOL1M,1,6,SUBINDUSTRY,0.08,ON,VERIFY,ON,FASTEXPR,False,"group_scale(ts_delta(winsorize(ts_backfill(mdl110_score, 120), std=4), 240),densify(pv13_52_minvol_1m_all_delay_1_sector))",,5,2025-07-19T13:39:12-04:00,,2025-07-19T17:39:19-04:00,model110_glb_2step,False,False,,,['model110_glb_2step'],[],,IS,UNSUBMITTED,5097493,20000000,3193,3180,0.1153,0.0492,0.0211,0.000854,1.69,2.7,2013-01-20,"[{'name': 'LOW_SHARPE', 'result': 'PASS', 'limit': 1.58, 'value': 2.7}, {'name': 'LOW_FITNESS', 'result': 'PASS', 'limit': 1.0, 'value': 1.69}, {'name': 'LOW_TURNOVER', 'result': 'PASS', 'limit': 0.01, 'value': 0.1153}, {'name': 'HIGH_TURNOVER', 'result': 'PASS', 'limit': 0.7, 'value': 0.1153}, {'name': 'CONCENTRATED_WEIGHT', 'result': 'PASS'}, {'name': 'LOW_SUB_UNIVERSE_SHARPE', 'result': 'PASS', 'limit': 0.94, 'value': 1.93}, {'name': 'SELF_CORRELATION', 'result': 'PENDING'}, {'name': 'DATA_DIVERSITY', 'result': 'PENDING'}, {'name': 'PROD_CORRELATION', 'result': 'PENDING'}, {'name': 'REGULAR_SUBMISSION', 'result': 'PENDING'}, {'name': 'IS_LADDER_SHARPE', 'result': 'PASS', 'year': 2, 'startDate': '2023-01-20', 'endDate': '2021-01-21', 'limit': 2.02, 'value': 2.13}, {'result': 'PASS', 'name': 'MATCHES_PYRAMID', 'effective': 2, 'multiplier': 1.0, 'pyramids': [{'name': 'GLB/D1/PV', 'multiplier': 1.0}, {'name': 'GLB/D1/MODEL', 'multiplier': 1.4}]}, {'result': 'WARNING', 'name': 'MATCHES_THEMES', 'themes': [{'id': 'M4ZY3YD', 'multiplier': 2.0, 'name': 'GLB high turnover Theme'}]}, {'name': 'POWER_POOL_CORRELATION', 'result': 'PENDING'}]",,,,,,,,"['GLB/D1/PV', 'GLB/D1/MODEL']",0,0,,,,,,,,,,,,,,,,,,,0
KZ7Ng7g,REGULAR,JZ45236,EQUITY,GLB,MINVOL1M,1,6,SUBINDUSTRY,0.08,ON,VERIFY,ON,FASTEXPR,False,"group_zscore(ts_mean(winsorize(ts_backfill(mdl110_score, 120), std=4), 5),densify(oth455_relation_n2v_p50_q200_w5_kmeans_cluster_5))",,5,2025-07-19T18:15:15-04:00,,2025-07-19T22:15:18-04:00,model110_glb_2step,False,False,,,['model110_glb_2step'],[],,IS,UNSUBMITTED,8857303,20000000,3646,3358,0.0715,0.0856,0.0615,0.002392,2.23,2.69,2013-01-20,"[{'name': 'LOW_SHARPE', 'result': 'PASS', 'limit': 1.58, 'value': 2.69}, {'name': 'LOW_FITNESS', 'result': 'PASS', 'limit': 1.0, 'value': 2.23}, {'name': 'LOW_TURNOVER', 'result': 'PASS', 'limit': 0.01, 'value': 0.0715}, {'name': 'HIGH_TURNOVER', 'result': 'PASS', 'limit': 0.7, 'value': 0.0715}, {'name': 'CONCENTRATED_WEIGHT', 'result': 'PASS'}, {'name': 'LOW_SUB_UNIVERSE_SHARPE', 'result': 'PASS', 'limit': 0.94, 'value': 1.85}, {'name': 'SELF_CORRELATION', 'result': 'PENDING'}, {'name': 'DATA_DIVERSITY', 'result': 'PENDING'}, {'name': 'PROD_CORRELATION', 'result': 'PENDING'}, {'name': 'REGULAR_SUBMISSION', 'result': 'PENDING'}, {'name': 'IS_LADDER_SHARPE', 'result': 'PASS', 'year': 2, 'startDate': '2023-01-20', 'endDate': '2021-01-21', 'limit': 2.02, 'value': 2.38}, {'result': 'PASS', 'name': 'MATCHES_PYRAMID', 'effective': 2, 'multiplier': 1.4, 'pyramids': [{'name': 'GLB/D1/MODEL', 'multiplier': 1.4}, {'name': 'GLB/D1/OTHER', 'multiplier': 1.6}]}, {'result': 'WARNING', 'name': 'MATCHES_THEMES', 'themes': [{'id': 'M4ZY3YD', 'multiplier': 2.0, 'name': 'GLB high turnover Theme'}]}, {'name': 'POWER_POOL_CORRELATION', 'result': 'PENDING'}]",,,,,,,,"['GLB/D1/MODEL', 'GLB/D1/OTHER']",0,0,,,,,,,,,,,,,,,,,,,0
nr7d32w,REGULAR,JZ45236,EQUITY,GLB,MINVOL1M,1,6,SUBINDUSTRY,0.08,ON,VERIFY,ON,FASTEXPR,False,"group_zscore(ts_mean(winsorize(ts_backfill(mdl110_score, 120), std=4), 5),densify(oth455_relation_n2v_p10_q200_w5_kmeans_cluster_5))",,5,2025-07-19T18:13:15-04:00,,2025-07-19T22:13:21-04:00,model110_glb_2step,False,False,,,['model110_glb_2step'],[],,IS,UNSUBMITTED,8857303,20000000,3646,3358,0.0715,0.0856,0.0615,0.002392,2.23,2.69,2013-01-20,"[{'name': 'LOW_SHARPE', 'result': 'PASS', 'limit': 1.58, 'value': 2.69}, {'name': 'LOW_FITNESS', 'result': 'PASS', 'limit': 1.0, 'value': 2.23}, {'name': 'LOW_TURNOVER', 'result': 'PASS', 'limit': 0.01, 'value': 0.0715}, {'name': 'HIGH_TURNOVER', 'result': 'PASS', 'limit': 0.7, 'value': 0.0715}, {'name': 'CONCENTRATED_WEIGHT', 'result': 'PASS'}, {'name': 'LOW_SUB_UNIVERSE_SHARPE', 'result': 'PASS', 'limit': 0.94, 'value': 1.85}, {'name': 'SELF_CORRELATION', 'result': 'PENDING'}, {'name': 'DATA_DIVERSITY', 'result': 'PENDING'}, {'name': 'PROD_CORRELATION', 'result': 'PENDING'}, {'name': 'REGULAR_SUBMISSION', 'result': 'PENDING'}, {'name': 'IS_LADDER_SHARPE', 'result': 'PASS', 'year': 2, 'startDate': '2023-01-20', 'endDate': '2021-01-21', 'limit': 2.02, 'value': 2.38}, {'result': 'PASS', 'name': 'MATCHES_PYRAMID', 'effective': 2, 'multiplier': 1.4, 'pyramids': [{'name': 'GLB/D1/MODEL', 'multiplier': 1.4}, {'name': 'GLB/D1/OTHER', 'multiplier': 1.6}]}, {'result': 'WARNING', 'name': 'MATCHES_THEMES', 'themes': [{'id': 'M4ZY3YD', 'multiplier': 2.0, 'name': 'GLB high turnover Theme'}]}, {'name': 'POWER_POOL_CORRELATION', 'result': 'PENDING'}]",,,,,,,,"['GLB/D1/MODEL', 'GLB/D1/OTHER']",0,0,,,,,,,,,,,,,,,,,,,0
ZN772W1,REGULAR,JZ45236,EQUITY,GLB,MINVOL1M,1,6,SUBINDUSTRY,0.08,ON,VERIFY,ON,FASTEXPR,False,"group_scale(ts_mean(winsorize(ts_backfill(mdl110_score, 120), std=4), 5),densify(market))",,5,2025-07-19T17:59:19-04:00,,2025-07-19T21:59:22-04:00,model110_glb_2step,False,False,,,['model110_glb_2step'],"[{'id': 'DATA_USAGE:SINGLE_DATA_SET', 'name': 'Single Data Set Alpha'}]",,IS,UNSUBMITTED,9075589,20000000,3801,3493,0.0725,0.0877,0.0623,0.002418,2.25,2.69,2013-01-20,"[{'name': 'LOW_SHARPE', 'result': 'PASS', 'limit': 1.58, 'value': 2.69}, {'name': 'LOW_FITNESS', 'result': 'PASS', 'limit': 1.0, 'value': 2.25}, {'name': 'LOW_TURNOVER', 'result': 'PASS', 'limit': 0.01, 'value': 0.0725}, {'name': 'HIGH_TURNOVER', 'result': 'PASS', 'limit': 0.7, 'value': 0.0725}, {'name': 'CONCENTRATED_WEIGHT', 'result': 'PASS'}, {'name': 'LOW_SUB_UNIVERSE_SHARPE', 'result': 'PASS', 'limit': 0.94, 'value': 1.9}, {'name': 'SELF_CORRELATION', 'result': 'PENDING'}, {'name': 'DATA_DIVERSITY', 'result': 'PENDING'}, {'name': 'PROD_CORRELATION', 'result': 'PENDING'}, {'name': 'REGULAR_SUBMISSION', 'result': 'PENDING'}, {'name': 'LOW_2Y_SHARPE', 'result': 'PASS', 'value': 2.13, 'limit': 1.58}, {'result': 'PASS', 'name': 'MATCHES_PYRAMID', 'effective': 1, 'multiplier': 1.4, 'pyramids': [{'name': 'GLB/D1/MODEL', 'multiplier': 1.4}]}, {'result': 'WARNING', 'name': 'MATCHES_THEMES', 'themes': [{'id': 'M4ZY3YD', 'multiplier': 2.0, 'name': 'GLB high turnover Theme'}]}, {'name': 'POWER_POOL_CORRELATION', 'result': 'PENDING'}]",,,,,,,,['GLB/D1/MODEL'],0,0,,,,,,,,,,,,,,,,,,,0
KZ7Rk6l,REGULAR,JZ45236,EQUITY,GLB,MINVOL1M,1,6,SUBINDUSTRY,0.08,ON,VERIFY,ON,FASTEXPR,False,"group_scale(ts_sum(winsorize(ts_backfill(mdl110_score, 120), std=4), 5),densify(pv13_3l_scibr))",,5,2025-07-19T16:13:50-04:00,,2025-07-19T20:13:57-04:00,model110_glb_2step,False,False,,,['model110_glb_2step'],[],,IS,UNSUBMITTED,7079484,20000000,4246,3872,0.0776,0.0684,0.0362,0.001763,1.99,2.69,2013-01-20,"[{'name': 'LOW_SHARPE', 'result': 'PASS', 'limit': 1.58, 'value': 2.69}, {'name': 'LOW_FITNESS', 'result': 'PASS', 'limit': 1.0, 'value': 1.99}, {'name': 'LOW_TURNOVER', 'result': 'PASS', 'limit': 0.01, 'value': 0.0776}, {'name': 'HIGH_TURNOVER', 'result': 'PASS', 'limit': 0.7, 'value': 0.0776}, {'name': 'CONCENTRATED_WEIGHT', 'result': 'PASS'}, {'name': 'LOW_SUB_UNIVERSE_SHARPE', 'result': 'PASS', 'limit': 0.94, 'value': 1.66}, {'name': 'SELF_CORRELATION', 'result': 'PENDING'}, {'name': 'DATA_DIVERSITY', 'result': 'PENDING'}, {'name': 'PROD_CORRELATION', 'result': 'PENDING'}, {'name': 'REGULAR_SUBMISSION', 'result': 'PENDING'}, {'name': 'IS_LADDER_SHARPE', 'result': 'PASS', 'year': 2, 'startDate': '2023-01-20', 'endDate': '2021-01-21', 'limit': 2.02, 'value': 2.09}, {'result': 'PASS', 'name': 'MATCHES_PYRAMID', 'effective': 2, 'multiplier': 1.0, 'pyramids': [{'name': 'GLB/D1/PV', 'multiplier': 1.0}, {'name': 'GLB/D1/MODEL', 'multiplier': 1.4}]}, {'result': 'WARNING', 'name': 'MATCHES_THEMES', 'themes': [{'id': 'M4ZY3YD', 'multiplier': 2.0, 'name': 'GLB high turnover Theme'}]}, {'name': 'POWER_POOL_CORRELATION', 'result': 'PENDING'}]",,,,,,,,"['GLB/D1/PV', 'GLB/D1/MODEL']",0,0,,,,,,,,,,,,,,,,,,,0
dvZR0vY,REGULAR,JZ45236,EQUITY,GLB,MINVOL1M,1,6,SUBINDUSTRY,0.08,ON,VERIFY,ON,FASTEXPR,False,"group_scale(winsorize(ts_backfill(mdl110_score, 120), std=4),densify(oth455_customer_n2v_p10_q50_w4_pca_fact3_cluster_20))",,4,2025-07-19T12:55:27-04:00,,2025-07-19T16:55:29-04:00,model110_glb_2step,False,False,,,['model110_glb_2step'],[],,IS,UNSUBMITTED,8627122,20000000,3169,2968,0.1083,0.0833,0.0584,0.00154,2.17,2.66,2013-01-20,"[{'name': 'LOW_SHARPE', 'result': 'PASS', 'limit': 1.58, 'value': 2.66}, {'name': 'LOW_FITNESS', 'result': 'PASS', 'limit': 1.0, 'value': 2.17}, {'name': 'LOW_TURNOVER', 'result': 'PASS', 'limit': 0.01, 'value': 0.1083}, {'name': 'HIGH_TURNOVER', 'result': 'PASS', 'limit': 0.7, 'value': 0.1083}, {'name': 'CONCENTRATED_WEIGHT', 'result': 'PASS'}, {'name': 'LOW_SUB_UNIVERSE_SHARPE', 'result': 'PASS', 'limit': 0.93, 'value': 1.86}, {'name': 'SELF_CORRELATION', 'result': 'PENDING'}, {'name': 'DATA_DIVERSITY', 'result': 'PENDING'}, {'name': 'PROD_CORRELATION', 'result': 'PENDING'}, {'name': 'REGULAR_SUBMISSION', 'result': 'PENDING'}, {'name': 'IS_LADDER_SHARPE', 'result': 'PASS', 'year': 2, 'startDate': '2023-01-20', 'endDate': '2021-01-21', 'limit': 2.02, 'value': 2.34}, {'result': 'PASS', 'name': 'MATCHES_PYRAMID', 'effective': 2, 'multiplier': 1.4, 'pyramids': [{'name': 'GLB/D1/MODEL', 'multiplier': 1.4}, {'name': 'GLB/D1/OTHER', 'multiplier': 1.6}]}, {'result': 'WARNING', 'name': 'MATCHES_THEMES', 'themes': [{'id': 'M4ZY3YD', 'multiplier': 2.0, 'name': 'GLB high turnover Theme'}]}, {'name': 'POWER_POOL_CORRELATION', 'result': 'PENDING'}]",,,,,,,,"['GLB/D1/MODEL', 'GLB/D1/OTHER']",0,0,,,,,,,,,,,,,,,,,,,0
oZNXw1E,REGULAR,JZ45236,EQUITY,GLB,MINVOL1M,1,6,SUBINDUSTRY,0.08,ON,VERIFY,ON,FASTEXPR,False,"group_neutralize(normalize(winsorize(ts_backfill(mdl110_score, 120), std=4)),densify(oth455_relation_n2v_p10_q50_w2_kmeans_cluster_5))",,5,2025-07-19T14:41:59-04:00,,2025-07-19T18:42:02-04:00,model110_glb_2step,False,False,,,['model110_glb_2step'],[],,IS,UNSUBMITTED,9200916,20000000,3614,3389,0.0882,0.0889,0.0635,0.002016,2.23,2.65,2013-01-20,"[{'name': 'LOW_SHARPE', 'result': 'PASS', 'limit': 1.58, 'value': 2.65}, {'name': 'LOW_FITNESS', 'result': 'PASS', 'limit': 1.0, 'value': 2.23}, {'name': 'LOW_TURNOVER', 'result': 'PASS', 'limit': 0.01, 'value': 0.0882}, {'name': 'HIGH_TURNOVER', 'result': 'PASS', 'limit': 0.7, 'value': 0.0882}, {'name': 'CONCENTRATED_WEIGHT', 'result': 'PASS'}, {'name': 'LOW_SUB_UNIVERSE_SHARPE', 'result': 'PASS', 'limit': 0.93, 'value': 1.9}, {'name': 'SELF_CORRELATION', 'result': 'PENDING'}, {'name': 'DATA_DIVERSITY', 'result': 'PENDING'}, {'name': 'PROD_CORRELATION', 'result': 'PENDING'}, {'name': 'REGULAR_SUBMISSION', 'result': 'PENDING'}, {'name': 'IS_LADDER_SHARPE', 'result': 'WARNING', 'year': 3, 'startDate': '2023-01-20', 'endDate': '2020-01-21', 'limit': 1.58, 'value': 1.2}, {'result': 'PASS', 'name': 'MATCHES_PYRAMID', 'effective': 2, 'multiplier': 1.4, 'pyramids': [{'name': 'GLB/D1/MODEL', 'multiplier': 1.4}, {'name': 'GLB/D1/OTHER', 'multiplier': 1.6}]}, {'result': 'WARNING', 'name': 'MATCHES_THEMES', 'themes': [{'id': 'M4ZY3YD', 'multiplier': 2.0, 'name': 'GLB high turnover Theme'}]}, {'name': 'POWER_POOL_CORRELATION', 'result': 'PENDING'}]",,,,,,,,"['GLB/D1/MODEL', 'GLB/D1/OTHER']",0,0,,,,,,,,,,,,,,,,,,,0
x5NQm7J,REGULAR,JZ45236,EQUITY,GLB,MINVOL1M,1,6,SUBINDUSTRY,0.08,ON,VERIFY,ON,FASTEXPR,False,"group_neutralize(quantile(winsorize(ts_backfill(mdl110_score, 120), std=4)),densify(oth455_customer_n2v_p10_q50_w4_pca_fact3_cluster_20))",,5,2025-07-19T11:52:21-04:00,,2025-07-19T15:52:26-04:00,model110_glb_2step,False,False,,,['model110_glb_2step'],[],,IS,UNSUBMITTED,8738561,20000000,3073,3064,0.085,0.0844,0.0503,0.001985,2.24,2.72,2013-01-20,"[{'name': 'LOW_SHARPE', 'result': 'PASS', 'limit': 1.58, 'value': 2.72}, {'name': 'LOW_FITNESS', 'result': 'PASS', 'limit': 1.0, 'value': 2.24}, {'name': 'LOW_TURNOVER', 'result': 'PASS', 'limit': 0.01, 'value': 0.085}, {'name': 'HIGH_TURNOVER', 'result': 'PASS', 'limit': 0.7, 'value': 0.085}, {'name': 'CONCENTRATED_WEIGHT', 'result': 'PASS'}, {'name': 'LOW_SUB_UNIVERSE_SHARPE', 'result': 'PASS', 'limit': 0.95, 'value': 1.89}, {'name': 'SELF_CORRELATION', 'result': 'PENDING'}, {'name': 'DATA_DIVERSITY', 'result': 'PENDING'}, {'name': 'PROD_CORRELATION', 'result': 'PENDING'}, {'name': 'REGULAR_SUBMISSION', 'result': 'PENDING'}, {'name': 'IS_LADDER_SHARPE', 'result': 'PASS', 'year': 2, 'startDate': '2023-01-20', 'endDate': '2021-01-21', 'limit': 2.02, 'value': 2.5}, {'result': 'PASS', 'name': 'MATCHES_PYRAMID', 'effective': 2, 'multiplier': 1.4, 'pyramids': [{'name': 'GLB/D1/MODEL', 'multiplier': 1.4}, {'name': 'GLB/D1/OTHER', 'multiplier': 1.6}]}, {'result': 'WARNING', 'name': 'MATCHES_THEMES', 'themes': [{'id': 'M4ZY3YD', 'multiplier': 2.0, 'name': 'GLB high turnover Theme'}]}, {'name': 'POWER_POOL_CORRELATION', 'result': 'PENDING'}]",,,,,,,,"['GLB/D1/MODEL', 'GLB/D1/OTHER']",0,0,,,,,,,,,,,,,,,,,,,0
Q6G7G9K,REGULAR,JZ45236,EQUITY,GLB,MINVOL1M,1,6,SUBINDUSTRY,0.08,ON,VERIFY,ON,FASTEXPR,False,"group_neutralize(ts_delta(winsorize(ts_backfill(mdl110_score, 120), std=4), 240),densify(sector))",,5,2025-07-19T13:09:29-04:00,,2025-07-19T17:09:32-04:00,model110_glb_2step,False,False,,,['model110_glb_2step'],"[{'id': 'DATA_USAGE:SINGLE_DATA_SET', 'name': 'Single Data Set Alpha'}]",,IS,UNSUBMITTED,7093234,20000000,3198,3168,0.1082,0.0685,0.0365,0.001267,1.89,2.55,2013-01-20,"[{'name': 'LOW_SHARPE', 'result': 'PASS', 'limit': 1.58, 'value': 2.55}, {'name': 'LOW_FITNESS', 'result': 'PASS', 'limit': 1.0, 'value': 1.89}, {'name': 'LOW_TURNOVER', 'result': 'PASS', 'limit': 0.01, 'value': 0.1082}, {'name': 'HIGH_TURNOVER', 'result': 'PASS', 'limit': 0.7, 'value': 0.1082}, {'name': 'CONCENTRATED_WEIGHT', 'result': 'PASS'}, {'name': 'LOW_SUB_UNIVERSE_SHARPE', 'result': 'PASS', 'limit': 0.89, 'value': 1.95}, {'name': 'SELF_CORRELATION', 'result': 'PENDING'}, {'name': 'DATA_DIVERSITY', 'result': 'PENDING'}, {'name': 'PROD_CORRELATION', 'result': 'PENDING'}, {'name': 'REGULAR_SUBMISSION', 'result': 'PENDING'}, {'name': 'LOW_2Y_SHARPE', 'result': 'PASS', 'value': 1.78, 'limit': 1.58}, {'result': 'PASS', 'name': 'MATCHES_PYRAMID', 'effective': 1, 'multiplier': 1.4, 'pyramids': [{'name': 'GLB/D1/MODEL', 'multiplier': 1.4}]}, {'result': 'WARNING', 'name': 'MATCHES_THEMES', 'themes': [{'id': 'M4ZY3YD', 'multiplier': 2.0, 'name': 'GLB high turnover Theme'}]}, {'name': 'POWER_POOL_CORRELATION', 'result': 'PENDING'}]",,,,,,,,['GLB/D1/MODEL'],0,0,,,,,,,,,,,,,,,,,,,0
